<?xml version="1.0" encoding="utf-8"?>
<ModMetaData>
  <name>Auto Equip</name>
  <author>Soulkata</author>
  <url>https://ludeon.com/forums/index.php?topic=10587.msg119045#msg119045</url>
  <targetVersion>Alpha 13</targetVersion>
  <description>This Mod allows you to change the way the game chooses Apparel of colonists. Instead of always choosing Apparels with better armor, you can choose to prioritize other attributes, such as social impact, research, or crafting skills.</description>
</ModMetaData>